UUID,Serotype,zip,Blood_Collection,Onset_of _Fever
13,D2,1000,43041.63125,43039.67292
38,D2,1400,43119.62847,43117.29514
42,D2,500,43130.62639,43127.375
